Feature,Importance
readability,0.4131974278531667
word_count,0.3164858231259869
sentence_count,0.2703167490208465
